[11,{"depart":"V258","destination":"V390","touristique":"non","distance":47,"temps":0.67142857142857},{"depart":"V390","destination":"V561","touristique":"non","distance":76,"temps":1.2666666666667},{"depart":"V561","destination":"V626","touristique":"non","distance":89,"temps":1.5705882352941},{"depart":"V626","destination":"V987","touristique":"non","distance":137,"temps":2.74},{"depart":"V987","destination":"V909","touristique":"non","distance":168,"temps":2.7096774193548},{"depart":"V909","destination":"V908","touristique":"non","distance":429,"temps":7.5705882352941},{"depart":"V908","destination":"V614","touristique":"non","distance":449,"temps":7.6658536585366},{"depart":"V614","destination":"V311","touristique":"non","distance":456,"temps":8.2909090909091},{"depart":"V311","destination":"V333","touristique":"non","distance":488,"temps":7.9854545454545},{"depart":"V333","destination":"V551","touristique":"non","distance":516,"temps":7.8181818181818},{"depart":"V551","destination":"V432","touristique":"non","distance":539,"temps":8.1219178082192},{"distance":539,"temps":8.1219178082192}]