[[11,{"depart":"V258","destination":"V390","touristique":"non","distance":47,"temps":0.67142857142857},{"depart":"V390","destination":"V561","touristique":"non","distance":76,"temps":1.2666666666667},{"depart":"V561","destination":"V626","touristique":"non","distance":89,"temps":1.5705882352941},{"depart":"V626","destination":"V987","touristique":"non","distance":137,"temps":2.74},{"depart":"V987","destination":"V909","touristique":"non","distance":168,"temps":2.7096774193548},{"depart":"V909","destination":"V908","touristique":"non","distance":429,"temps":7.5705882352941},{"depart":"V908","destination":"V614","touristique":"non","distance":449,"temps":7.6658536585366},{"depart":"V614","destination":"V311","touristique":"non","distance":456,"temps":8.2909090909091},{"depart":"V311","destination":"V333","touristique":"non","distance":488,"temps":7.9854545454545},{"depart":"V333","destination":"V551","touristique":"non","distance":516,"temps":7.8181818181818},{"depart":"V551","destination":"V432","touristique":"non","distance":539,"temps":8.1219178082192},{"distance":539,"temps":8.1219178082192}],[14,{"depart":"V258","destination":"V557","touristique":"non","distance":15,"temps":0.11538461538462},{"depart":"V557","destination":"V882","touristique":"non","distance":46,"temps":0.41818181818182},{"depart":"V882","destination":"V899","touristique":"non","distance":69,"temps":0.66774193548387},{"depart":"V899","destination":"V965","touristique":"non","distance":88,"temps":0.97777777777778},{"depart":"V965","destination":"V435","touristique":"non","distance":155,"temps":1.5816326530612},{"depart":"V435","destination":"V849","touristique":"oui","distance":227,"temps":2.27},{"depart":"V849","destination":"V938","touristique":"non","distance":268,"temps":2.6422535211268},{"depart":"V938","destination":"V510","touristique":"non","distance":334,"temps":3.34},{"depart":"V510","destination":"V431","touristique":"non","distance":373,"temps":3.6096774193548},{"depart":"V431","destination":"V430","touristique":"non","distance":438,"temps":4.38},{"depart":"V430","destination":"V310","touristique":"non","distance":482,"temps":4.8642201834862},{"depart":"V310","destination":"V333","touristique":"non","distance":504,"temps":5.1254237288136},{"depart":"V333","destination":"V551","touristique":"non","distance":532,"temps":5.3612403100775},{"depart":"V551","destination":"V432","touristique":"non","distance":556,"temps":5.56},{"distance":556,"temps":5.56}]]