[14,{"depart":"V440","destination":"V651","touristique":"oui","distance":9,"temps":0.3},{"depart":"V651","destination":"V544","touristique":"non","distance":57,"temps":0.81428571428571},{"depart":"V544","destination":"V669","touristique":"oui","distance":58,"temps":0.696},{"depart":"V669","destination":"V786","touristique":"non","distance":96,"temps":1.0105263157895},{"depart":"V786","destination":"V971","touristique":"non","distance":177,"temps":1.9666666666667},{"depart":"V971","destination":"V998","touristique":"non","distance":221,"temps":2.3678571428571},{"depart":"V998","destination":"V918","touristique":"oui","distance":266,"temps":2.9555555555556},{"depart":"V918","destination":"V780","touristique":"non","distance":338,"temps":4.0969696969697},{"depart":"V780","destination":"V943","touristique":"non","distance":349,"temps":4.4239436619718},{"depart":"V943","destination":"V623","touristique":"non","distance":390,"temps":5},{"depart":"V623","destination":"V657","touristique":"non","distance":450,"temps":5.6896551724138},{"depart":"V657","destination":"V388","touristique":"non","distance":453,"temps":5.7829787234043},{"depart":"V388","destination":"V642","touristique":"non","distance":472,"temps":6.1979797979798},{"depart":"V642","destination":"V958","touristique":"non","distance":477,"temps":5.9625},{"distance":477,"temps":5.9625}]